Date,User
2021-06-07,nikhilthomas
2021-06-08,kbaig
2021-06-09,pgarg
2021-06-10,chmouel
2021-06-11,pradkuma
2021-06-12,
2021-06-13,
2021-06-14,concaf
2021-06-15,savita
2021-06-16,shivam
2021-06-17,vinjain
2021-06-18,praveen_thangadancha
2021-06-19,
2021-06-20,
2021-06-21,vdemeester
2021-06-22,rupalib
2021-06-23,nikhilthomas
2021-06-24,kbaig
2021-06-25,pgarg
2021-06-26,
2021-06-27,
2021-06-28,chmouel
2021-06-29,pradkuma
2021-06-30,concaf
2021-07-01,savita
2021-07-02,shivam
2021-07-03,
2021-07-04,
2021-07-05,vinjain
2021-07-06,praveen_thangadancha
2021-07-07,vdemeester
2021-07-08,rupalib
2021-07-09,nikhilthomas
2021-07-10,
2021-07-11,
2021-07-12,kbaig
2021-07-13,pgarg
2021-07-14,chmouel
2021-07-15,pradkuma
2021-07-16,concaf
2021-07-17,
2021-07-18,
2021-07-19,savita
2021-07-20,shivam
2021-07-21,vinjain
2021-07-22,praveen_thangadancha
2021-07-23,vdemeester
2021-07-24,
2021-07-25,
2021-07-26,rupalib
2021-07-27,nikhilthomas
2021-07-28,kbaig
2021-07-29,pgarg
2021-07-30,chmouel
2021-07-31,
2021-08-01,
